{"cameraMode":{"drawMode":0,"name":"Shaded","section":"Shading Mode"},"sceneLighting":true,"audioPlay":false,"sceneViewState":{"m_AlwaysRefresh":false,"showFog":true,"showSkybox":true,"showFlares":true,"showImageEffects":true,"showParticleSystems":true,"showVisualEffectGraphs":true,"m_FxEnabled":true},"in2DMode":false,"pivot":{"x":0.009199142456054688,"y":0.7256076335906982,"z":0.3703254461288452},"rotation":{"x":-0.42835935950279238,"y":0.07494436949491501,"z":-0.03567683324217796,"w":-0.8998077511787415},"size":3.6953258514404299,"orthographic":false}